{
  "hash": "73821ad9",
  "configHash": "c471c600",
  "lockfileHash": "20c23628",
  "browserHash": "3c64f8cd",
  "optimized": {
    "@angular/core": {
      "src": "../../../../../../node_modules/@angular/core/fesm2022/core.mjs",
      "file": "@angular_core.js",
      "fileHash": "154856bf",
      "needsInterop": false
    },
    "@angular/platform-browser": {
      "src": "../../../../../../node_modules/@angular/platform-browser/fesm2022/platform-browser.mjs",
      "file": "@angular_platform-browser.js",
      "fileHash": "b9f4af4f",
      "needsInterop": false
    },
    "@angular/router": {
      "src": "../../../../../../node_modules/@angular/router/fesm2022/router.mjs",
      "file": "@angular_router.js",
      "fileHash": "a0c448f5",
      "needsInterop": false
    },
    "zone.js": {
      "src": "../../../../../../node_modules/zone.js/fesm2015/zone.js",
      "file": "zone__js.js",
      "fileHash": "0c6bfdbc",
      "needsInterop": true
    }
  },
  "chunks": {
    "chunk-65P4SY5M": {
      "file": "chunk-65P4SY5M.js"
    },
    "chunk-VZVXKHPU": {
      "file": "chunk-VZVXKHPU.js"
    },
    "chunk-WDMUDEB6": {
      "file": "chunk-WDMUDEB6.js"
    }
  }
}