{
  "hash": "79bdd47a",
  "configHash": "27d49b8e",
  "lockfileHash": "20c23628",
  "browserHash": "4354e34b",
  "optimized": {
    "@angular/core": {
      "src": "../../../../../../node_modules/@angular/core/fesm2022/core.mjs",
      "file": "@angular_core.js",
      "fileHash": "84736b63",
      "needsInterop": false
    },
    "@angular/platform-browser": {
      "src": "../../../../../../node_modules/@angular/platform-browser/fesm2022/platform-browser.mjs",
      "file": "@angular_platform-browser.js",
      "fileHash": "393e956b",
      "needsInterop": false
    },
    "@angular/platform-server/init": {
      "src": "../../../../../../node_modules/@angular/platform-server/fesm2022/init.mjs",
      "file": "@angular_platform-server_init.js",
      "fileHash": "d21c8cc4",
      "needsInterop": false
    },
    "@angular/router": {
      "src": "../../../../../../node_modules/@angular/router/fesm2022/router.mjs",
      "file": "@angular_router.js",
      "fileHash": "72afa65b",
      "needsInterop": false
    },
    "@angular/ssr": {
      "src": "../../../../../../node_modules/@angular/ssr/fesm2022/ssr.mjs",
      "file": "@angular_ssr.js",
      "fileHash": "d9ce406d",
      "needsInterop": false
    },
    "@angular/ssr/node": {
      "src": "../../../../../../node_modules/@angular/ssr/fesm2022/node.mjs",
      "file": "@angular_ssr_node.js",
      "fileHash": "63751ad6",
      "needsInterop": false
    },
    "express": {
      "src": "../../../../../../node_modules/express/index.js",
      "file": "express.js",
      "fileHash": "b4d6380e",
      "needsInterop": true
    },
    "zone.js/node": {
      "src": "../../../../../../node_modules/zone.js/fesm2015/zone-node.js",
      "file": "zone__js_node.js",
      "fileHash": "d8553a8b",
      "needsInterop": true
    }
  },
  "chunks": {
    "xhr2-WBTWOK2V": {
      "file": "xhr2-WBTWOK2V.js"
    },
    "chunk-AE7CSJQK": {
      "file": "chunk-AE7CSJQK.js"
    },
    "chunk-ZDU5VEFW": {
      "file": "chunk-ZDU5VEFW.js"
    },
    "chunk-VP67DBOB": {
      "file": "chunk-VP67DBOB.js"
    },
    "chunk-YLNXWRAB": {
      "file": "chunk-YLNXWRAB.js"
    },
    "chunk-YHCV7DAQ": {
      "file": "chunk-YHCV7DAQ.js"
    }
  }
}